id,brand,name,accords,fragrance_notes,mysterious_score,mysterious_band,mysterious_confidence,mysterious_m3_status,elegant_score,elegant_band,elegant_confidence,notes
demo-01,Dior,Sauvage Eau de Toilette,fresh spicy; amber; citrus; aromatic; musky,calabrian bergamot; pepper; sichuan pepper; lavender; pink pepper; vetiver; patchouli; geranium; elemi; ambroxan; cedar; labdanum,,,,NOT_OBSERVABLE,,,,
demo-05,Giorgio Armani,Acqua di Giò Pour Homme,citrus; aromatic; marine; fresh spicy; floral,lime; lemon; bergamot; jasmine; orange; mandarin orange; neroli; sea notes; calone; rosemary; peach; freesia; hiacynth; cyclamen; violet; coriander; rose; nutmeg; mignonette; white musk; cedar; oakmoss; patchouli; amber,,,,NOT_OBSERVABLE,,,,
demo-11,Paco Rabanne,1 Million,warm spicy; cinnamon; citrus; amber; woody,blood mandarin; grapefruit; mint; cinnamon; spicy notes; rose; amber; leather; woody notes; indian patchouli,,,,NOT_OBSERVABLE,,,,
demo-14,Creed,Aventus,fruity; sweet; leather; woody; smoky,bergamot; black currant; apple; lemon; pink pepper; pineapple; patchouli; moroccan jasmine; birch; musk; oak moss; ambroxan; cedarwood,,,,NOT_OBSERVABLE,,,,
demo-15,Tom Ford,Oud Wood Parfum,warm spicy; woody; vanilla; powdery; aromatic,cardamom; pink pepper; rosemary; sandalwood; patchouli; agarwood (oud); vetiver; vanilla; tonka; amber,,,,NOT_OBSERVABLE,,,,
demo-16,Tom Ford,Tobacco Vanille,vanilla; sweet; tobacco; warm spicy; fruity,tobacco leaf; spicy notes; vanilla; cacao; tonka bean; tobacco blossom; dried fruits; woody notes,,,,NOT_OBSERVABLE,,,,
demo-17,Dior,Homme Intense,iris; woody; powdery; earthy; violet,lavender; iris; ambrette (musk mallow); pear; virginia cedar; vetiver,,,,NOT_OBSERVABLE,,,,
demo-18,Dior,Homme,iris; cacao; powdery; earthy; aromatic,lavender; bergamot; sage; iris; cacao; amber; leather; vetiver; patchouli,,,,NOT_OBSERVABLE,,,,
demo-26,Chanel,Coco Mademoiselle,citrus; woody; patchouli; sweet; white floral,orange; mandarin orange; bergamot; orange blossom; turkish rose; jasmine; mimosa; ylang-ylang; patchouli; white musk; vanilla; vetiver; tonka bean; opoponax,,,,NOT_OBSERVABLE,,,,
demo-28,Chanel,N°5 Eau de Parfum,woody; aldehydic; fresh; white floral; powdery,aldehydes; ylang-ylang; neroli; bergamot; peach; iris; jasmine; rose; lily-of-the-valley; sandalwood; vanilla; oakmoss; vetiver; patchouli,,,,NOT_OBSERVABLE,,,,
demo-42,Dolce & Gabbana,Light Blue,citrus; woody; fresh; fruity; aromatic,sicilian lemon; apple; cedar; bellflower; bamboo; jasmine; white rose; musk; amber,,,,NOT_OBSERVABLE,,,,
demo-43,Mugler,Alien,white floral; amber; floral,jasmine sambac; cashmeran; amber,,,,NOT_OBSERVABLE,,,,
demo-44,Mugler,Angel,sweet; patchouli; fruity; warm spicy; caramel,cotton candy; coconut; cassis; melon; jasmine; bergamot; pineapple; mandarin orange; honey; red berries; blackberry; plum; apricot; peach; nutmeg; orchid; caraway; rose; lily-of-the-valley; patchouli; chocolate; caramel; vanilla; tonka bean; amber; musk; sandalwood,,,,NOT_OBSERVABLE,,,,
demo-48,Narciso Rodriguez,For Her,musky; powdery; white floral; citrus; floral,african orange flower; osmanthus; bergamot; musk; amber; vetiver; vanille; patchouli,,,,NOT_OBSERVABLE,,,,
demo-50,Jean Paul Gaultier,Scandal,honey; sweet; white floral; citrus; caramel,blood orange; mandarin orange; honey; gardenia; orange blossom; jasmine; peach; beeswax; caramel; patchouli; licorice,,,,NOT_OBSERVABLE,,,,
demo-51,Maison Francis Kurkdjian,Baccarat Rouge 540,woody; amber; warm spicy; fresh spicy; aromatic,saffron; jasmine; amberwood; ambergris; fir resin; cedar,,,,NOT_OBSERVABLE,,,,
demo-54,Tom Ford,Black Orchid,warm spicy; earthy; woody; sweet; amber,truffle; gardenia; black currant; ylang-ylang; jasmine; bergamot; mandarin orange; amalfi lemon; orchid; spices; fruity notes; lotus; mexican chocolate; patchouli; vanille; incense; amber; sandalwood; vetiver; white musk,,,,NOT_OBSERVABLE,,,,
demo-55,Tom Ford,Lost Cherry,cherry; sweet; almond; nutty; fruity,bitter almond; black cherry; cherry liqueur; sour cherry; plum; turkish rose; jasmine sambac; vanilla; tonka bean; cinnamon; peru balsam; benzoin; sandalwood; cloves; cedar; patchouli; vetiver,,,,NOT_OBSERVABLE,,,,
demo-59,Amouage,Reflection Man,woody; white floral; aromatic; powdery; fresh spicy,rosemary; pink pepper; petitgrain; jasmine; neroli; orris root; ylang-ylang; sandalwood; vetiver; cedar; patchouli,,,,NOT_OBSERVABLE,,,,
